{
    "__comment": "Made with TheDestruc7i0n's advancements generator: https://advancements.thedestruc7i0n.ca",
    "display": {
        "title": {
            "text": "The tpg squad!",
            "color": "black",
            "bold": true,
            "italic": true,
            "underlined": true,
            "strikethrough": false,
            "obfuscated": false
        },
        "description": {
            "text": "Get exploded by a creeper!",
            "color": "green",
            "underlined": false
        },
        "icon": {
            "item": "minecraft:creeper_head"
        },
        "frame": "goal",
        "show_toast": true,
        "announce_to_chat": true,
        "hidden": false,
        "background": "minecraft:textures/gui/advancements/backgrounds/stone.png"
    },
    "criteria": {
        "CREEPER": {
            "trigger": "minecraft:entity_killed_player",
            "conditions": {
                "entity": {
                    "type": "minecraft:creeper"
                },
                "killing_blow": {
                    "is_explosion": true
                }
            }
        }
    },
    "requirements": [
        [
            "CREEPER"
        ]
    ],
    "rewards": {
        "experience": 100
    }
}